species,met_idx
E.coli,0
E.coli,1
E.coli,2
E.coli,3
E.coli,4
E.coli,5
E.coli,6
E.coli,7
E.coli,8
E.coli,9
E.coli,10
E.coli,11
E.coli,12
E.coli,13
E.coli,14
E.coli,15
E.coli,16
E.coli,17
E.coli,18
E.coli,19
E.coli,20
E.coli,21
E.coli,22
E.coli,23
E.coli,24
E.coli,25
E.coli,26
E.coli,27
E.coli,28
E.coli,29
E.coli,30
E.coli,31
E.coli,32
E.coli,33
E.coli,34
E.coli,35
E.coli,36
E.coli,37
E.coli,38
E.coli,39
E.coli,40
E.coli,41
E.coli,42
E.coli,43
E.coli,44
E.coli,45
E.coli,46
E.coli,47
E.coli,48
E.coli,49
E.coli,50
E.coli,51
E.coli,52
E.coli,53
E.coli,54
E.coli,55
E.coli,56
E.coli,57
E.coli,58
E.coli,59
E.coli,60
E.coli,61
E.coli,62
E.coli,63
E.coli,64
E.coli,65
E.coli,66
E.coli,67
E.coli,68
E.coli,69
E.coli,70
E.coli,71
E.coli,72
E.coli,73
E.coli,74
E.coli,75
E.coli,76
E.coli,77
E.coli,78
E.coli,79
E.coli,80
E.coli,81
E.coli,82
E.coli,83
E.coli,84
E.coli,85
E.coli,86
E.coli,87
E.coli,88
E.coli,89
E.coli,90
E.coli,91
E.coli,92
E.coli,93
E.coli,94
E.coli,95
E.coli,96
E.coli,97
E.coli,98
E.coli,99
E.coli,100
E.coli,101
E.coli,102
E.coli,103
E.coli,104
E.coli,105
E.coli,106
E.coli,107
E.coli,108
E.coli,109
E.coli,110
E.coli,111
E.coli,112
E.coli,113
E.coli,114
E.coli,115
E.coli,116
E.coli,117
E.coli,118
E.coli,119
E.coli,120
E.coli,121
E.coli,122
E.coli,123
E.coli,124
E.coli,125
E.coli,126
E.coli,127
E.coli,128
E.coli,129
E.coli,130
E.coli,131
E.coli,132
E.coli,133
E.coli,134
E.coli,135
E.coli,136
E.coli,137
E.coli,138
E.coli,139
E.coli,140
E.coli,141
E.coli,142
E.coli,143
E.coli,144
E.coli,145
E.coli,146
E.coli,147
E.coli,148
E.coli,149
E.coli,150
E.coli,151
E.coli,152
E.coli,153
E.coli,154
E.coli,155
E.coli,156
E.coli,157
E.coli,158
E.coli,159
E.coli,160
E.coli,161
E.coli,162
E.coli,163
E.coli,164
E.coli,165
E.coli,166
E.coli,167
E.coli,168
E.coli,169
E.coli,170
E.coli,171
E.coli,172
E.coli,173
E.coli,174
E.coli,175
E.coli,176
E.coli,177
E.coli,178
E.coli,179
E.coli,180
E.coli,181
E.coli,182
E.coli,183
E.coli,184
E.coli,185
E.coli,186
E.coli,187
E.coli,188
E.coli,189
E.coli,190
E.coli,191
E.coli,192
E.coli,193
E.coli,194
E.coli,195
E.coli,196
E.coli,197
E.coli,198
E.coli,199
E.coli,200
E.coli,201
E.coli,202
E.coli,203
E.coli,204
E.coli,205
E.coli,206
E.coli,207
E.coli,208
E.coli,209
E.coli,210
E.coli,211
E.coli,212
E.coli,213
E.coli,214
E.coli,215
E.coli,216
E.coli,217
E.coli,218
E.coli,219
E.coli,220
E.coli,221
E.coli,222
E.coli,223
E.coli,224
E.coli,225
E.coli,226
E.coli,227
E.coli,228
E.coli,229
E.coli,230
E.coli,231
E.coli,232
E.coli,233
E.coli,234
E.coli,235
E.coli,236
E.coli,237
E.coli,238
E.coli,239
E.coli,240
E.coli,241
E.coli,242
E.coli,243
E.coli,244
E.coli,245
E.coli,246
E.coli,247
E.coli,248
E.coli,249
E.coli,250
E.coli,251
E.coli,252
E.coli,253
E.coli,254
E.coli,255
E.coli,256
E.coli,257
E.coli,258
E.coli,259
E.coli,260
E.coli,261
E.coli,262
E.coli,263
E.coli,264
E.coli,265
E.coli,266
E.coli,267
E.coli,268
E.coli,269
E.coli,270
E.coli,271
E.coli,272
E.coli,273
E.coli,274
E.coli,275
E.coli,276
E.coli,277
E.coli,278
E.coli,279
E.coli,280
E.coli,281
E.coli,282
E.coli,283
E.coli,284
E.coli,285
E.coli,286
E.coli,287
E.coli,288
E.coli,289
E.coli,290
E.coli,291
E.coli,292
E.coli,293
E.coli,294
E.coli,295
E.coli,296
E.coli,297
E.coli,298
E.coli,299
E.coli,300
E.coli,301
E.coli,302
E.coli,303
E.coli,304
E.coli,305
E.coli,306
E.coli,307
E.coli,308
E.coli,309
E.coli,310
E.coli,311
E.coli,312
E.coli,313
E.coli,314
E.coli,315
E.coli,316
E.coli,317
E.coli,318
E.coli,319
E.coli,320
E.coli,321
E.coli,322
E.coli,323
E.coli,324
E.coli,325
E.coli,326
E.coli,327
E.coli,328
E.coli,329
E.coli,330
E.coli,331
E.coli,332
E.coli,333
E.coli,334
E.coli,335
E.coli,336
E.coli,337
E.coli,338
E.coli,339
E.coli,340
E.coli,341
E.coli,342
E.coli,343
E.coli,344
E.coli,345
E.coli,346
E.coli,347
E.coli,348
E.coli,349
E.coli,350
E.coli,351
E.coli,352
E.coli,353
E.coli,354
E.coli,355
E.coli,356
E.coli,357
E.coli,358
E.coli,359
E.coli,360
E.coli,361
E.coli,362
E.coli,363
E.coli,364
E.coli,365
E.coli,366
E.coli,367
E.coli,368
E.coli,369
E.coli,370
E.coli,371
E.coli,372
E.coli,373
E.coli,374
E.coli,375
E.coli,376
E.coli,377
E.coli,378
E.coli,379
E.coli,380
E.coli,381
E.coli,382
E.coli,383
E.coli,384
E.coli,385
E.coli,386
E.coli,387
E.coli,388
E.coli,389
E.coli,390
E.coli,391
E.coli,392
E.coli,393
E.coli,394
E.coli,395
E.coli,396
E.coli,397
E.coli,398
E.coli,399
E.coli,400
E.coli,401
E.coli,402
E.coli,403
E.coli,404
E.coli,405
E.coli,406
E.coli,407
E.coli,408
E.coli,409
E.coli,410
E.coli,411
E.coli,412
E.coli,413
E.coli,414
E.coli,415
E.coli,416
E.coli,417
E.coli,418
E.coli,419
E.coli,420
E.coli,421
E.coli,422
E.coli,423
E.coli,424
E.coli,425
E.coli,426
E.coli,427
E.coli,428
E.coli,429
E.coli,430
E.coli,431
E.coli,432
E.coli,433
E.coli,434
E.coli,435
E.coli,436
E.coli,437
E.coli,438
E.coli,439
E.coli,440
E.coli,441
E.coli,442
E.coli,443
E.coli,444
E.coli,445
E.coli,446
E.coli,447
E.coli,448
E.coli,449
E.coli,450
E.coli,451
E.coli,452
E.coli,453
E.coli,454
E.coli,455
E.coli,456
E.coli,457
E.coli,458
E.coli,459
E.coli,460
E.coli,461
E.coli,462
E.coli,463
E.coli,464
E.coli,465
E.coli,466
E.coli,467
E.coli,468
E.coli,469
E.coli,470
E.coli,471
E.coli,472
E.coli,473
E.coli,474
E.coli,475
E.coli,476
E.coli,477
E.coli,478
E.coli,479
E.coli,480
E.coli,481
E.coli,482
E.coli,483
E.coli,484
E.coli,485
E.coli,486
E.coli,487
E.coli,488
E.coli,489
E.coli,490
E.coli,491
E.coli,492
E.coli,493
E.coli,494
E.coli,495
E.coli,496
E.coli,497
E.coli,498
E.coli,499
E.coli,500
E.coli,501
E.coli,502
E.coli,503
E.coli,504
E.coli,505
E.coli,506
E.coli,507
E.coli,508
E.coli,509
E.coli,510
E.coli,511
E.coli,512
E.coli,513
E.coli,514
E.coli,515
E.coli,516
E.coli,517
E.coli,518
E.coli,519
E.coli,520
E.coli,521
E.coli,522
E.coli,523
E.coli,524
E.coli,525
E.coli,526
E.coli,527
E.coli,528
E.coli,529
E.coli,530
E.coli,531
E.coli,532
E.coli,533
E.coli,534
E.coli,535
E.coli,536
E.coli,537
E.coli,538
E.coli,539
E.coli,540
E.coli,541
E.coli,542
E.coli,543
E.coli,544
E.coli,545
E.coli,546
E.coli,547
E.coli,548
E.coli,549
E.coli,550
E.coli,551
E.coli,552
E.coli,553
E.coli,554
E.coli,555
E.coli,556
E.coli,557
E.coli,558
E.coli,559
E.coli,560
E.coli,561
E.coli,562
E.coli,563
E.coli,564
E.coli,565
E.coli,566
E.coli,567
E.coli,568
E.coli,569
E.coli,570
E.coli,571
E.coli,572
E.coli,573
E.coli,574
E.coli,575
E.coli,576
E.coli,577
E.coli,578
E.coli,579
E.coli,580
E.coli,581
E.coli,582
E.coli,583
E.coli,584
E.coli,585
E.coli,586
E.coli,587
E.coli,588
E.coli,589
E.coli,590
E.coli,591
E.coli,592
E.coli,593
E.coli,594
E.coli,595
E.coli,596
E.coli,597
E.coli,598
E.coli,599
E.coli,600
E.coli,601
E.coli,602
E.coli,603
E.coli,604
E.coli,605
E.coli,606
E.coli,607
E.coli,608
E.coli,609
E.coli,610
E.coli,611
E.coli,612
E.coli,613
E.coli,614
E.coli,615
E.coli,616
E.coli,617
E.coli,618
E.coli,619
E.coli,620
E.coli,621
E.coli,622
E.coli,623
E.coli,624
E.coli,625
E.coli,626
E.coli,627
E.coli,628
E.coli,629
E.coli,630
E.coli,631
E.coli,632
E.coli,633
E.coli,634
E.coli,635
E.coli,636
E.coli,637
E.coli,638
E.coli,639
E.coli,640
E.coli,641
E.coli,642
E.coli,643
E.coli,644
E.coli,645
E.coli,646
E.coli,647
E.coli,648
E.coli,649
E.coli,650
E.coli,651
E.coli,652
E.coli,653
E.coli,654
E.coli,655
E.coli,656
E.coli,657
E.coli,658
E.coli,659
E.coli,660
E.coli,661
E.coli,662
E.coli,663
E.coli,664
E.coli,665
E.coli,666
E.coli,667
E.coli,668
E.coli,669
E.coli,670
E.coli,671
E.coli,672
E.coli,673
E.coli,674
E.coli,675
E.coli,676
E.coli,677
E.coli,678
E.coli,679
E.coli,680
E.coli,681
E.coli,682
E.coli,683
E.coli,684
E.coli,685
E.coli,686
E.coli,687
E.coli,688
E.coli,689
E.coli,690
E.coli,691
E.coli,692
E.coli,693
E.coli,694
E.coli,695
E.coli,696
E.coli,697
E.coli,698
E.coli,699
E.coli,700
E.coli,701
E.coli,702
E.coli,703
E.coli,704
E.coli,705
E.coli,706
E.coli,707
E.coli,708
E.coli,709
E.coli,710
E.coli,711
E.coli,712
E.coli,713
E.coli,714
E.coli,715
E.coli,716
E.coli,717
E.coli,718
E.coli,719
E.coli,720
E.coli,721
E.coli,722
E.coli,723
E.coli,724
E.coli,725
E.coli,726
E.coli,727
E.coli,728
E.coli,729
E.coli,730
E.coli,731
E.coli,732
E.coli,733
E.coli,734
E.coli,735
E.coli,736
E.coli,737
E.coli,738
E.coli,739
E.coli,740
E.coli,741
E.coli,742
E.coli,743
E.coli,744
E.coli,745
E.coli,746
E.coli,747
E.coli,748
E.coli,749
E.coli,750
E.coli,751
E.coli,752
E.coli,753
E.coli,754
E.coli,755
E.coli,756
E.coli,757
E.coli,758
E.coli,759
E.coli,760
E.coli,761
E.coli,762
E.coli,763
E.coli,764
E.coli,765
E.coli,766
E.coli,767
E.coli,768
E.coli,769
E.coli,770
E.coli,771
E.coli,772
E.coli,773
E.coli,774
E.coli,775
E.coli,776
E.coli,777
E.coli,778
E.coli,779
E.coli,780
E.coli,781
E.coli,782
E.coli,783
E.coli,784
E.coli,785
E.coli,786
E.coli,787
E.coli,788
E.coli,789
E.coli,790
E.coli,791
E.coli,792
E.coli,793
E.coli,794
E.coli,795
E.coli,796
E.coli,797
E.coli,798
E.coli,799
E.coli,800
E.coli,801
E.coli,802
E.coli,803
E.coli,804
E.coli,805
E.coli,806
E.coli,807
E.coli,808
E.coli,809
E.coli,810
E.coli,811
E.coli,812
E.coli,813
E.coli,814
E.coli,815
E.coli,816
E.coli,817
E.coli,818
E.coli,819
E.coli,820
E.coli,821
E.coli,822
E.coli,823
E.coli,824
E.coli,825
E.coli,826
E.coli,827
E.coli,828
E.coli,829
E.coli,830
E.coli,831
E.coli,832
E.coli,833
E.coli,834
E.coli,835
E.coli,836
E.coli,837
E.coli,838
E.coli,839
E.coli,840
E.coli,841
E.coli,842
E.coli,843
E.coli,844
E.coli,845
E.coli,846
E.coli,847
E.coli,848
E.coli,849
E.coli,850
E.coli,851
E.coli,852
E.coli,853
E.coli,854
E.coli,855
E.coli,856
E.coli,857
E.coli,858
E.coli,859
E.coli,860
E.coli,861
E.coli,862
E.coli,863
E.coli,864
E.coli,865
E.coli,866
E.coli,867
E.coli,868
E.coli,869
E.coli,870
E.coli,871
E.coli,872
E.coli,873
E.coli,874
E.coli,875
E.coli,876
E.coli,877
E.coli,878
E.coli,879
E.coli,880
E.coli,881
E.coli,882
E.coli,883
E.coli,884
E.coli,885
E.coli,886
E.coli,887
E.coli,888
E.coli,889
E.coli,890
E.coli,891
E.coli,892
E.coli,893
E.coli,894
E.coli,895
E.coli,896
E.coli,897
E.coli,898
E.coli,899
E.coli,900
E.coli,901
E.coli,902
E.coli,903
E.coli,904
E.coli,905
E.coli,906
E.coli,907
E.coli,908
E.coli,909
E.coli,910
E.coli,911
E.coli,912
E.coli,913
E.coli,914
E.coli,915
E.coli,916
E.coli,917
E.coli,918
E.coli,919
E.coli,920
E.coli,921
E.coli,922
E.coli,923
E.coli,924
E.coli,925
E.coli,926
E.coli,927
E.coli,928
E.coli,929
E.coli,930
E.coli,931
E.coli,932
E.coli,933
E.coli,934
E.coli,935
E.coli,936
E.coli,937
E.coli,938
E.coli,939
E.coli,940
E.coli,941
E.coli,942
E.coli,943
E.coli,944
E.coli,945
E.coli,946
E.coli,947
E.coli,948
E.coli,949
E.coli,950
E.coli,951
E.coli,952
E.coli,953
E.coli,954
E.coli,955
E.coli,956
E.coli,957
E.coli,958
E.coli,959
E.coli,960
E.coli,961
E.coli,962
E.coli,963
E.coli,964
E.coli,965
E.coli,966
E.coli,967
E.coli,968
E.coli,969
E.coli,970
E.coli,971
E.coli,972
E.coli,973
E.coli,974
E.coli,975
E.coli,976
E.coli,977
E.coli,978
E.coli,979
E.coli,980
E.coli,981
E.coli,982
E.coli,983
E.coli,984
E.coli,985
E.coli,986
E.coli,987
E.coli,988
E.coli,989
E.coli,990
E.coli,991
E.coli,992
E.coli,993
E.coli,994
E.coli,995
E.coli,996
E.coli,997
E.coli,998
E.coli,999
E.coli,1000
E.coli,1001
E.coli,1002
E.coli,1003
E.coli,1004
E.coli,1005
E.coli,1006
E.coli,1007
E.coli,1008
E.coli,1009
E.coli,1010
E.coli,1011
E.coli,1012
E.coli,1013
E.coli,1014
E.coli,1015
E.coli,1016
E.coli,1017
E.coli,1018
E.coli,1019
E.coli,1020
E.coli,1021
E.coli,1022
E.coli,1023
E.coli,1024
E.coli,1025
E.coli,1026
E.coli,1027
E.coli,1028
E.coli,1029
E.coli,1030
E.coli,1031
E.coli,1032
E.coli,1033
E.coli,1034
E.coli,1035
E.coli,1036
E.coli,1037
E.coli,1038
E.coli,1039
E.coli,1040
E.coli,1041
E.coli,1042
E.coli,1043
E.coli,1044
E.coli,1045
E.coli,1046
E.coli,1047
E.coli,1048
E.coli,1049
E.coli,1050
E.coli,1051
E.coli,1052
E.coli,1053
E.coli,1054
E.coli,1055
E.coli,1056
E.coli,1057
E.coli,1058
E.coli,1059
E.coli,1060
E.coli,1061
E.coli,1062
E.coli,1063
E.coli,1064
E.coli,1065
E.coli,1066
E.coli,1067
E.coli,1068
E.coli,1069
E.coli,1070
Yeast,0
Yeast,1
Yeast,2
Yeast,3
Yeast,4
Yeast,5
Yeast,6
Yeast,7
Yeast,8
Yeast,9
Yeast,10
Yeast,11
Yeast,12
Yeast,13
Yeast,14
Yeast,15
Yeast,16
Yeast,17
Yeast,18
Yeast,19
Yeast,20
Yeast,21
Yeast,22
Yeast,23
Yeast,24
Yeast,25
Yeast,26
Yeast,27
Yeast,28
Yeast,29
Yeast,30
Yeast,31
Yeast,32
Yeast,33
Yeast,34
Yeast,35
Yeast,36
Yeast,37
Yeast,38
Yeast,39
Yeast,40
Yeast,41
Yeast,42
Yeast,43
Yeast,44
Yeast,45
Yeast,46
Yeast,47
Yeast,48
Yeast,49
Yeast,50
Yeast,51
Yeast,52
Yeast,53
Yeast,54
Yeast,55
Yeast,56
Yeast,57
Yeast,58
Yeast,59
Yeast,60
Yeast,61
Yeast,62
Yeast,63
Yeast,64
Yeast,65
Yeast,66
Yeast,67
Yeast,68
Yeast,69
Yeast,70
Yeast,71
Yeast,72
Yeast,73
Yeast,74
Yeast,75
Yeast,76
Yeast,77
Yeast,78
Yeast,79
Yeast,80
Yeast,81
Yeast,82
Yeast,83
Yeast,84
Yeast,85
Yeast,86
Yeast,87
Yeast,88
Yeast,89
Yeast,90
Yeast,91
Yeast,92
Yeast,93
Yeast,94
Yeast,95
Yeast,96
Yeast,97
Yeast,98
Yeast,99
Yeast,100
Yeast,101
Yeast,102
Yeast,103
Yeast,104
Yeast,105
Yeast,106
Yeast,107
Yeast,108
Yeast,109
Yeast,110
Yeast,111
Yeast,112
Yeast,113
Yeast,114
Yeast,115
Yeast,116
Yeast,117
Yeast,118
Yeast,119
Yeast,120
Yeast,121
Yeast,122
Yeast,123
Yeast,124
Yeast,125
Yeast,126
Yeast,127
Yeast,128
Yeast,129
Yeast,130
Yeast,131
Yeast,132
Yeast,133
Yeast,134
Yeast,135
Yeast,136
Yeast,137
Yeast,138
Yeast,139
Yeast,140
Yeast,141
Yeast,142
Yeast,143
Yeast,144
Yeast,145
Yeast,146
Yeast,147
Yeast,148
Yeast,149
Yeast,150
Yeast,151
Yeast,152
Yeast,153
Yeast,154
Yeast,155
Yeast,156
Yeast,157
Yeast,158
Yeast,159
Yeast,160
Yeast,161
Yeast,162
Yeast,163
Yeast,164
Yeast,165
Yeast,166
Yeast,167
Yeast,168
Yeast,169
Yeast,170
Yeast,171
Yeast,172
Yeast,173
Yeast,174
Yeast,175
Yeast,176
Yeast,177
Yeast,178
Yeast,179
Yeast,180
Yeast,181
Yeast,182
Yeast,183
Yeast,184
Yeast,185
Yeast,186
Yeast,187
Yeast,188
Yeast,189
Yeast,190
Yeast,191
Yeast,192
Yeast,193
Yeast,194
Yeast,195
Yeast,196
Yeast,197
Yeast,198
Yeast,199
Yeast,200
Yeast,201
Yeast,202
Yeast,203
Yeast,204
Yeast,205
Yeast,206
Yeast,207
Yeast,208
Yeast,209
Yeast,210
Yeast,211
Yeast,212
Yeast,213
Yeast,214
Yeast,215
Yeast,216
Yeast,217
Yeast,218
Yeast,219
Yeast,220
Yeast,221
Yeast,222
Yeast,223
Yeast,224
Yeast,225
Yeast,226
Yeast,227
Yeast,228
Yeast,229
Yeast,230
Yeast,231
Yeast,232
Yeast,233
Yeast,234
Yeast,235
Yeast,236
Yeast,237
Yeast,238
Yeast,239
Yeast,240
Yeast,241
Yeast,242
Yeast,243
Yeast,244
Yeast,245
Yeast,246
Yeast,247
Yeast,248
Yeast,249
Yeast,250
Yeast,251
Yeast,252
Yeast,253
Yeast,254
Yeast,255
Yeast,256
Yeast,257
Yeast,258
Yeast,259
Yeast,260
Yeast,261
Yeast,262
Yeast,263
Yeast,264
Yeast,265
Yeast,266
Yeast,267
Yeast,268
Yeast,269
Yeast,270
Yeast,271
Yeast,272
Yeast,273
Yeast,274
Yeast,275
Yeast,276
Yeast,277
Yeast,278
Yeast,279
Yeast,280
Yeast,281
Yeast,282
Yeast,283
Yeast,284
Yeast,285
Yeast,286
Yeast,287
Yeast,288
Yeast,289
Yeast,290
Yeast,291
Yeast,292
Yeast,293
Yeast,294
Yeast,295
Yeast,296
Yeast,297
Yeast,298
Yeast,299
Yeast,300
Yeast,301
Yeast,302
Yeast,303
Yeast,304
Yeast,305
Yeast,306
Yeast,307
Yeast,308
Yeast,309
Yeast,310
Yeast,311
Yeast,312
Yeast,313
Yeast,314
Yeast,315
Yeast,316
Yeast,317
Yeast,318
Yeast,319
Yeast,320
Yeast,321
Yeast,322
Yeast,323
Yeast,324
Yeast,325
Yeast,326
Yeast,327
Yeast,328
Yeast,329
Yeast,330
Yeast,331
Yeast,332
Yeast,333
Yeast,334
Yeast,335
Yeast,336
Yeast,337
Yeast,338
Yeast,339
Yeast,340
Yeast,341
Yeast,342
Yeast,343
Yeast,344
Yeast,345
Yeast,346
Yeast,347
Yeast,348
Yeast,349
Yeast,350
Yeast,351
Yeast,352
Yeast,353
Yeast,354
Yeast,355
Yeast,356
Yeast,357
Yeast,358
Yeast,359
Yeast,360
Yeast,361
Yeast,362
Yeast,363
Yeast,364
Yeast,365
Yeast,366
Yeast,367
Yeast,368
Yeast,369
Yeast,370
Yeast,371
Yeast,372
Yeast,373
Yeast,374
Yeast,375
Yeast,376
Yeast,377
Yeast,378
Yeast,379
Yeast,380
Yeast,381
Yeast,382
Yeast,383
Yeast,384
Yeast,385
Yeast,386
Yeast,387
Yeast,388
Yeast,389
Yeast,390
Yeast,391
Yeast,392
Yeast,393
Yeast,394
Yeast,395
Yeast,396
Yeast,397
Yeast,398
Yeast,399
Yeast,400
Yeast,401
Yeast,402
Yeast,403
Yeast,404
Yeast,405
Yeast,406
Yeast,407
Yeast,408
Yeast,409
Yeast,410
Yeast,411
Yeast,412
Yeast,413
Yeast,414
Yeast,415
Yeast,416
Yeast,417
Yeast,418
Yeast,419
Yeast,420
Yeast,421
Yeast,422
Yeast,423
Yeast,424
Yeast,425
Yeast,426
Yeast,427
Yeast,428
Yeast,429
Yeast,430
Yeast,431
Yeast,432
Yeast,433
Yeast,434
Yeast,435
Yeast,436
Yeast,437
Yeast,438
Yeast,439
Yeast,440
Yeast,441
Yeast,442
Yeast,443
Yeast,444
Yeast,445
Yeast,446
Yeast,447
Yeast,448
Yeast,449
Yeast,450
Yeast,451
Yeast,452
Yeast,453
Yeast,454
Yeast,455
Yeast,456
Yeast,457
Yeast,458
Yeast,459
Yeast,460
Yeast,461
Yeast,462
Yeast,463
Yeast,464
Yeast,465
Yeast,466
Yeast,467
Yeast,468
Yeast,469
Yeast,470
Yeast,471
Yeast,472
Yeast,473
Yeast,474
Yeast,475
Yeast,476
Yeast,477
Yeast,478
Yeast,479
Yeast,480
Yeast,481
Yeast,482
Yeast,483
Yeast,484
Yeast,485
Yeast,486
Yeast,487
Yeast,488
Yeast,489
Yeast,490
Yeast,491
Yeast,492
Yeast,493
Yeast,494
Yeast,495
Yeast,496
Yeast,497
Yeast,498
Yeast,499
Yeast,500
Yeast,501
Yeast,502
Yeast,503
Yeast,504
Yeast,505
Yeast,506
Yeast,507
Yeast,508
Yeast,509
Yeast,510
Yeast,511
Yeast,512
Yeast,513
Yeast,514
Yeast,515
Yeast,516
Yeast,517
Yeast,518
Yeast,519
Yeast,520
Yeast,521
Yeast,522
Yeast,523
Yeast,524
Yeast,525
Yeast,526
Yeast,527
Yeast,528
Yeast,529
Yeast,530
Yeast,531
Yeast,532
Yeast,533
Yeast,534
Yeast,535
Yeast,536
Yeast,537
Yeast,538
Yeast,539
Yeast,540
Yeast,541
Yeast,542
Yeast,543
Yeast,544
Yeast,545
Yeast,546
Yeast,547
Yeast,548
Yeast,549
Yeast,550
Yeast,551
Yeast,552
Yeast,553
Yeast,554
Yeast,555
Yeast,556
Yeast,557
Yeast,558
Yeast,559
Yeast,560
Yeast,561
Yeast,562
Yeast,563
Yeast,564
Yeast,565
Yeast,566
Yeast,567
Yeast,568
Yeast,569
Yeast,570
Yeast,571
Yeast,572
Yeast,573
Yeast,574
Yeast,575
Yeast,576
Yeast,577
Yeast,578
Yeast,579
Yeast,580
Yeast,581
Yeast,582
Yeast,583
Yeast,584
Yeast,585
Yeast,586
Yeast,587
Yeast,588
Yeast,589
Yeast,590
Yeast,591
Yeast,592
Yeast,593
Yeast,594
Yeast,595
Yeast,596
Yeast,597
Yeast,598
Yeast,599
Yeast,600
Yeast,601
Yeast,602
Yeast,603
Yeast,604
Yeast,605
Yeast,606
Yeast,607
Yeast,608
Yeast,609
Yeast,610
Yeast,611
Yeast,612
Yeast,613
Yeast,614
Yeast,615
Yeast,616
Yeast,617
Yeast,618
Yeast,619
Yeast,620
Yeast,621
Yeast,622
Yeast,623
Yeast,624
Yeast,625
Yeast,626
Yeast,627
Yeast,628
Yeast,629
Yeast,630
Yeast,631
Mammalian,0
Mammalian,1
Mammalian,2
Mammalian,3
Mammalian,4
Mammalian,5
Mammalian,6
Mammalian,7
Mammalian,8
Mammalian,9
Mammalian,10
Mammalian,11
Mammalian,12
Mammalian,13
Mammalian,14
Mammalian,15
Mammalian,16
Mammalian,17
Mammalian,18
Mammalian,19
Mammalian,20
Mammalian,21
Mammalian,22
Mammalian,23
Mammalian,24
Mammalian,25
Mammalian,26
Mammalian,27
Mammalian,28
Mammalian,29
Mammalian,30
Mammalian,31
Mammalian,32
Mammalian,33
Mammalian,34
Mammalian,35
Mammalian,36
Mammalian,37
Mammalian,38
Mammalian,39
Mammalian,40
Mammalian,41
Mammalian,42
Mammalian,43
Mammalian,44
Mammalian,45
Mammalian,46
Mammalian,47
Mammalian,48
Mammalian,49
Mammalian,50
Mammalian,51
Mammalian,52
Mammalian,53
Mammalian,54
Mammalian,55
Mammalian,56
Mammalian,57
Mammalian,58
Mammalian,59
Mammalian,60
Mammalian,61
Mammalian,62
Mammalian,63
Mammalian,64
Mammalian,65
Mammalian,66
Mammalian,67
Mammalian,68
Mammalian,69
Mammalian,70
Mammalian,71
Mammalian,72
Mammalian,73
Mammalian,74
Mammalian,75
Mammalian,76
Mammalian,77
Mammalian,78
Mammalian,79
Mammalian,80
Mammalian,81
Mammalian,82
Mammalian,83
Mammalian,84
Mammalian,85
Mammalian,86
Mammalian,87
Mammalian,88
Mammalian,89
Mammalian,90
Mammalian,91
Mammalian,92
Mammalian,93
Mammalian,94
Mammalian,95
Mammalian,96
Mammalian,97
Mammalian,98
Mammalian,99
Mammalian,100
Mammalian,101
Mammalian,102
Mammalian,103
Mammalian,104
Mammalian,105
Mammalian,106
Mammalian,107
Mammalian,108
Mammalian,109
Mammalian,110
Mammalian,111
Mammalian,112
Mammalian,113
Mammalian,114
Mammalian,115
Mammalian,116
Mammalian,117
Mammalian,118
Mammalian,119
Mammalian,120
Mammalian,121
Mammalian,122
Mammalian,123
Mammalian,124
Mammalian,125
Mammalian,126
Mammalian,127
Mammalian,128
Mammalian,129
Mammalian,130
Mammalian,131
Mammalian,132
Mammalian,133
Mammalian,134
Mammalian,135
Mammalian,136
Mammalian,137
Mammalian,138
Mammalian,139
Mammalian,140
Mammalian,141
Mammalian,142
Mammalian,143
Mammalian,144
Mammalian,145
Mammalian,146
Mammalian,147
Mammalian,148
Mammalian,149
Mammalian,150
Mammalian,151
Mammalian,152
Mammalian,153
Mammalian,154
Mammalian,155
Mammalian,156
Mammalian,157
Mammalian,158
Mammalian,159
Mammalian,160
Mammalian,161
Mammalian,162
Mammalian,163
Mammalian,164
Mammalian,165
Mammalian,166
Mammalian,167
Mammalian,168
Mammalian,169
Mammalian,170
Mammalian,171
Mammalian,172
Mammalian,173
Mammalian,174
Mammalian,175
Mammalian,176
Mammalian,177
Mammalian,178
Mammalian,179
Mammalian,180
Mammalian,181
Mammalian,182
Mammalian,183
Mammalian,184
Mammalian,185
Mammalian,186
Mammalian,187
Mammalian,188
Mammalian,189
Mammalian,190
Mammalian,191
Mammalian,192
Mammalian,193
Mammalian,194
Mammalian,195
Mammalian,196
Mammalian,197
Mammalian,198
Mammalian,199
Mammalian,200
Mammalian,201
Mammalian,202
Mammalian,203
Mammalian,204
Mammalian,205
Mammalian,206
Mammalian,207
Mammalian,208
Mammalian,209
Mammalian,210
Mammalian,211
Mammalian,212
Mammalian,213
Mammalian,214
Mammalian,215
Mammalian,216
Mammalian,217
Mammalian,218
Mammalian,219
Mammalian,220
Mammalian,221
Mammalian,222
Mammalian,223
Mammalian,224
Mammalian,225
Mammalian,226
Mammalian,227
Mammalian,228
Mammalian,229
Mammalian,230
Mammalian,231
Mammalian,232
Mammalian,233
Mammalian,234
Mammalian,235
Mammalian,236
Mammalian,237
Mammalian,238
Mammalian,239
Mammalian,240
Mammalian,241
Mammalian,242
Mammalian,243
Mammalian,244
Mammalian,245
Mammalian,246
Mammalian,247
Mammalian,248
Mammalian,249
Mammalian,250
Mammalian,251
Mammalian,252
Mammalian,253
Mammalian,254
Mammalian,255
Mammalian,256
Mammalian,257
Mammalian,258
Mammalian,259
Mammalian,260
Mammalian,261
Mammalian,262
Mammalian,263
Mammalian,264
Mammalian,265
Mammalian,266
Mammalian,267
Mammalian,268
Mammalian,269
Mammalian,270
Mammalian,271
Mammalian,272
Mammalian,273
Mammalian,274
Mammalian,275
Mammalian,276
Mammalian,277
Mammalian,278
Mammalian,279
Mammalian,280
Mammalian,281
Mammalian,282
Mammalian,283
Mammalian,284
Mammalian,285
Mammalian,286
Mammalian,287
Mammalian,288
Mammalian,289
Mammalian,290
Mammalian,291
Mammalian,292
Mammalian,293
Mammalian,294
Mammalian,295
Mammalian,296
Mammalian,297
Mammalian,298
Mammalian,299
Mammalian,300
Mammalian,301
Mammalian,302
Mammalian,303
Mammalian,304
Mammalian,305
Mammalian,306
Mammalian,307
Mammalian,308
Mammalian,309
Mammalian,310
Mammalian,311
Mammalian,312
Mammalian,313
Mammalian,314
Mammalian,315
Mammalian,316
Mammalian,317
Mammalian,318
Mammalian,319
Mammalian,320
Mammalian,321
Mammalian,322
Mammalian,323
Mammalian,324
Mammalian,325
Mammalian,326
Mammalian,327
Mammalian,328
Mammalian,329
Mammalian,330
Mammalian,331
Mammalian,332
Mammalian,333
Mammalian,334
Mammalian,335
Mammalian,336
Mammalian,337
Mammalian,338
Mammalian,339
Mammalian,340
Mammalian,341
Mammalian,342
Mammalian,343
Mammalian,344
Mammalian,345
Mammalian,346
Mammalian,347
Mammalian,348
Mammalian,349
Mammalian,350
Mammalian,351
Mammalian,352
Mammalian,353
Mammalian,354
Mammalian,355
Mammalian,356
Mammalian,357
Mammalian,358
Mammalian,359
Mammalian,360
Mammalian,361
Mammalian,362
Mammalian,363
Mammalian,364
Mammalian,365
Mammalian,366
Mammalian,367
Mammalian,368
Mammalian,369
Mammalian,370
Mammalian,371
Mammalian,372
Mammalian,373
Mammalian,374
Mammalian,375
Mammalian,376
Mammalian,377
Mammalian,378
Mammalian,379
Mammalian,380
Mammalian,381
Mammalian,382
Mammalian,383
Mammalian,384
Mammalian,385
Mammalian,386
Mammalian,387
Mammalian,388
Mammalian,389
Mammalian,390
Mammalian,391
Mammalian,392
Mammalian,393
Mammalian,394
Mammalian,395
Mammalian,396
Mammalian,397
Mammalian,398
Mammalian,399
Mammalian,400
Mammalian,401
Mammalian,402
Mammalian,403
Mammalian,404
Mammalian,405
Mammalian,406
Mammalian,407
Mammalian,408
Mammalian,409
Mammalian,410
Mammalian,411
Mammalian,412
Mammalian,413
Mammalian,414
Mammalian,415
Mammalian,416
Mammalian,417
Mammalian,418
Mammalian,419
Mammalian,420
Mammalian,421
Mammalian,422
Mammalian,423
Mammalian,424
Mammalian,425
Mammalian,426
Mammalian,427
Mammalian,428
Mammalian,429
Mammalian,430
Mammalian,431
Mammalian,432
Mammalian,433
Mammalian,434
Mammalian,435
Mammalian,436
Mammalian,437
Mammalian,438
Mammalian,439
Mammalian,440
Mammalian,441
Mammalian,442
Mammalian,443
Mammalian,444
Mammalian,445
Mammalian,446
Mammalian,447
Mammalian,448
Mammalian,449
Mammalian,450
Mammalian,451
Mammalian,452
Mammalian,453
Mammalian,454
Mammalian,455
Mammalian,456
Mammalian,457
Mammalian,458
Mammalian,459
Mammalian,460
Mammalian,461
Mammalian,462
Mammalian,463
Mammalian,464
Mammalian,465
Mammalian,466
Mammalian,467
Mammalian,468
Mammalian,469
Mammalian,470
Mammalian,471
Mammalian,472
Mammalian,473
Mammalian,474
Mammalian,475
Mammalian,476
Mammalian,477
Mammalian,478
Mammalian,479
Mammalian,480
Mammalian,481
Mammalian,482
Mammalian,483
Mammalian,484
Mammalian,485
Mammalian,486
Mammalian,487
Mammalian,488
Mammalian,489
Mammalian,490
Mammalian,491
Mammalian,492
Mammalian,493
Mammalian,494
Mammalian,495
Mammalian,496
Mammalian,497
Mammalian,498
Mammalian,499
Mammalian,500
Mammalian,501
Mammalian,502
Mammalian,503
Mammalian,504
Mammalian,505
Mammalian,506
Mammalian,507
Mammalian,508
Mammalian,509
Mammalian,510
Mammalian,511
Mammalian,512
Mammalian,513
Mammalian,514
Mammalian,515
Mammalian,516
Mammalian,517
Mammalian,518
Mammalian,519
Mammalian,520
Mammalian,521
Mammalian,522
Mammalian,523
Mammalian,524
Mammalian,525
Mammalian,526
Mammalian,527
Mammalian,528
Mammalian,529
Mammalian,530
Mammalian,531
Mammalian,532
Mammalian,533
Mammalian,534
Mammalian,535
Mammalian,536
Mammalian,537
Mammalian,538
Mammalian,539
Mammalian,540
Mammalian,541
Mammalian,542
Mammalian,543
Mammalian,544
Mammalian,545
Mammalian,546
Mammalian,547
Mammalian,548
Mammalian,549
Mammalian,550
Mammalian,551
Mammalian,552
Mammalian,553
Mammalian,554
Mammalian,555
Mammalian,556
Mammalian,557
Mammalian,558
Mammalian,559
Mammalian,560
Mammalian,561
Mammalian,562
Mammalian,563
Mammalian,564
Mammalian,565
Mammalian,566
Mammalian,567
Mammalian,568
Mammalian,569
Mammalian,570
Mammalian,571
Mammalian,572
Mammalian,573
Mammalian,574
Mammalian,575
Mammalian,576
Mammalian,577
Mammalian,578
Mammalian,579
Mammalian,580
Mammalian,581
Mammalian,582
Mammalian,583
Mammalian,584
Mammalian,585
Mammalian,586
Mammalian,587
Mammalian,588
Mammalian,589
Mammalian,590
Mammalian,591
Mammalian,592
Mammalian,593
Mammalian,594
Mammalian,595
Mammalian,596
Mammalian,597
Mammalian,598
Mammalian,599
Mammalian,600
Mammalian,601
Mammalian,602
Mammalian,603
Mammalian,604
Mammalian,605
Mammalian,606
Mammalian,607
Mammalian,608
Mammalian,609
Mammalian,610
Mammalian,611
Mammalian,612
Mammalian,613
Mammalian,614
Mammalian,615
Mammalian,616
Mammalian,617
Mammalian,618
Mammalian,619
Mammalian,620
Mammalian,621
Mammalian,622
Mammalian,623
Mammalian,624
Mammalian,625
Mammalian,626
Mammalian,627
Mammalian,628
Mammalian,629
Mammalian,630
Mammalian,631
Mammalian,632
Mammalian,633
Mammalian,634
Mammalian,635
Mammalian,636
Mammalian,637
Mammalian,638
Mammalian,639
Mammalian,640
Mammalian,641
Mammalian,642
Mammalian,643
Mammalian,644
Mammalian,645
Mammalian,646
Mammalian,647
Mammalian,648
Mammalian,649
Mammalian,650
Mammalian,651
Mammalian,652
Mammalian,653
Mammalian,654
Mammalian,655
Mammalian,656
Mammalian,657
Mammalian,658
Mammalian,659
Mammalian,660
Mammalian,661
Mammalian,662
Mammalian,663
Mammalian,664
Mammalian,665
Mammalian,666
Mammalian,667
Mammalian,668
Mammalian,669
Mammalian,670
Mammalian,671
Mammalian,672
Mammalian,673
Mammalian,674
Mammalian,675
Mammalian,676
Mammalian,677
Mammalian,678
Mammalian,679
Mammalian,680
Mammalian,681
Mammalian,682
Mammalian,683
Mammalian,684
Mammalian,685
Mammalian,686
Mammalian,687
Mammalian,688
Mammalian,689
Mammalian,690
Mammalian,691
Mammalian,692
Mammalian,693
Mammalian,694
Mammalian,695
Mammalian,696
Mammalian,697
Mammalian,698
Mammalian,699
Mammalian,700
Mammalian,701
Mammalian,702
Mammalian,703
Mammalian,704
Mammalian,705
Mammalian,706
Mammalian,707
Mammalian,708
Mammalian,709
Mammalian,710
Mammalian,711
Mammalian,712
Mammalian,713
Mammalian,714
Mammalian,715
Mammalian,716
Mammalian,717
Mammalian,718
Mammalian,719
Mammalian,720
Mammalian,721
Mammalian,722
Mammalian,723
Mammalian,724
Mammalian,725
Mammalian,726
Mammalian,727
Mammalian,728
Mammalian,729
Mammalian,730
Mammalian,731
Mammalian,732
Mammalian,733
Mammalian,734
Mammalian,735
Mammalian,736
Mammalian,737
Mammalian,738
Mammalian,739
Mammalian,740
Mammalian,741
Mammalian,742
Mammalian,743
Mammalian,744
Mammalian,745
Mammalian,746
Mammalian,747
Mammalian,748
Mammalian,749
Mammalian,750
Mammalian,751
Mammalian,752
Mammalian,753
Mammalian,754
Mammalian,755
Mammalian,756
Mammalian,757
Mammalian,758
Mammalian,759
Mammalian,760
Mammalian,761
Mammalian,762
Mammalian,763
Mammalian,764
Mammalian,765
Mammalian,766
Mammalian,767
Mammalian,768
Mammalian,769
Mammalian,770
Mammalian,771
Mammalian,772
Mammalian,773
Mammalian,774
Mammalian,775
Mammalian,776
Mammalian,777
Mammalian,778
Mammalian,779
Mammalian,780
Mammalian,781
Mammalian,782
Mammalian,783
Mammalian,784
Mammalian,785
Mammalian,786
Mammalian,787
Mammalian,788
Mammalian,789
Mammalian,790
Mammalian,791
Mammalian,792
Mammalian,793
Mammalian,794
Mammalian,795
Mammalian,796
Mammalian,797
Mammalian,798
Mammalian,799
Mammalian,800
Mammalian,801
Mammalian,802
Mammalian,803
Mammalian,804
Mammalian,805
Mammalian,806
Mammalian,807
Mammalian,808
Mammalian,809
Mammalian,810
Mammalian,811
Mammalian,812
Mammalian,813
Mammalian,814
Mammalian,815
Mammalian,816
Mammalian,817
Mammalian,818
Mammalian,819
Mammalian,820
Mammalian,821
Mammalian,822
Mammalian,823
Mammalian,824
Mammalian,825
Mammalian,826
Mammalian,827
Mammalian,828
Mammalian,829
Mammalian,830
Mammalian,831
Mammalian,832
Mammalian,833
Mammalian,834
Mammalian,835
Mammalian,836
Mammalian,837
Mammalian,838
Mammalian,839
Mammalian,840
Mammalian,841
Mammalian,842
Mammalian,843
Mammalian,844
Mammalian,845
Mammalian,846
Mammalian,847
Mammalian,848
Mammalian,849
Mammalian,850
Mammalian,851
Mammalian,852
Mammalian,853
Mammalian,854
Mammalian,855
Mammalian,856
Mammalian,857
Mammalian,858
Mammalian,859
Mammalian,860
Mammalian,861
Mammalian,862
Mammalian,863
Mammalian,864
Mammalian,865
Mammalian,866
Mammalian,867
Mammalian,868
Mammalian,869
Mammalian,870
Mammalian,871
Mammalian,872
Mammalian,873
Mammalian,874
Mammalian,875
Mammalian,876
Mammalian,877
Mammalian,878
Mammalian,879
Mammalian,880
Mammalian,881
Mammalian,882
Mammalian,883
Mammalian,884
Mammalian,885
Mammalian,886
Mammalian,887
Mammalian,888
Mammalian,889
Mammalian,890
Mammalian,891
Mammalian,892
Mammalian,893
Mammalian,894
Mammalian,895
Mammalian,896
Mammalian,897
Mammalian,898
Mammalian,899
Mammalian,900
Mammalian,901
Mammalian,902
Mammalian,903
Mammalian,904
Mammalian,905
Mammalian,906
Mammalian,907
Mammalian,908
Mammalian,909
Mammalian,910
Mammalian,911
Mammalian,912
Mammalian,913
Mammalian,914
Mammalian,915
Mammalian,916
Mammalian,917
Mammalian,918
Mammalian,919
Mammalian,920
Mammalian,921
Mammalian,922
Mammalian,923
Mammalian,924
Mammalian,925
Mammalian,926
Mammalian,927
Mammalian,928
Mammalian,929
Mammalian,930
Mammalian,931
Mammalian,932
Mammalian,933
Mammalian,934
Mammalian,935
Mammalian,936
Mammalian,937
Mammalian,938
Mammalian,939
Mammalian,940
Mammalian,941
Mammalian,942
Mammalian,943
Mammalian,944
Mammalian,945
Mammalian,946
Mammalian,947
Mammalian,948
Mammalian,949
Mammalian,950
Mammalian,951
Mammalian,952
Mammalian,953
Mammalian,954
Mammalian,955
Mammalian,956
Mammalian,957
Mammalian,958
Mammalian,959
Mammalian,960
Mammalian,961
Mammalian,962
Mammalian,963
Mammalian,964
Mammalian,965
Mammalian,966
Mammalian,967
Mammalian,968
Mammalian,969
Mammalian,970
Mammalian,971
Mammalian,972
Mammalian,973
Mammalian,974
Mammalian,975
Mammalian,976
Mammalian,977
Mammalian,978
Mammalian,979
Mammalian,980
Mammalian,981
Mammalian,982
Mammalian,983
Mammalian,984
Mammalian,985
Mammalian,986
Mammalian,987
Mammalian,988
Mammalian,989
Mammalian,990
Mammalian,991
Mammalian,992
Mammalian,993
Mammalian,994
Mammalian,995
Mammalian,996
Mammalian,997
Mammalian,998
Mammalian,999
Mammalian,1000
Mammalian,1001
Mammalian,1002
Mammalian,1003
Mammalian,1004
Mammalian,1005
Mammalian,1006
Mammalian,1007
Mammalian,1008
Mammalian,1009
Mammalian,1010
Mammalian,1011
Mammalian,1012
Mammalian,1013
Mammalian,1014
Mammalian,1015
Mammalian,1016
Mammalian,1017
Mammalian,1018
Mammalian,1019
Mammalian,1020
Mammalian,1021
Mammalian,1022
Mammalian,1023
Mammalian,1024
Mammalian,1025
Mammalian,1026
Mammalian,1027
Mammalian,1028
Mammalian,1029
Mammalian,1030
Mammalian,1031
Mammalian,1032
Mammalian,1033
Mammalian,1034
Mammalian,1035
Mammalian,1036
Mammalian,1037
Mammalian,1038
Mammalian,1039
Mammalian,1040
Mammalian,1041
Mammalian,1042
Mammalian,1043
Mammalian,1044
Mammalian,1045
Mammalian,1046
Mammalian,1047
Mammalian,1048
Mammalian,1049
Mammalian,1050
Mammalian,1051
Mammalian,1052
Mammalian,1053
Mammalian,1054
Mammalian,1055
Mammalian,1056
Mammalian,1057
Mammalian,1058
Mammalian,1059
Mammalian,1060
Mammalian,1061
Mammalian,1062
Mammalian,1063
Mammalian,1064
Mammalian,1065
Mammalian,1066
Mammalian,1067
Mammalian,1068
Mammalian,1069
Mammalian,1070
Mammalian,1071
Mammalian,1072
Mammalian,1073
Mammalian,1074
Mammalian,1075
Mammalian,1076
Mammalian,1077
Mammalian,1078
Mammalian,1079
Mammalian,1080
Mammalian,1081
Mammalian,1082
Mammalian,1083
Mammalian,1084
Mammalian,1085
Mammalian,1086
Mammalian,1087
Mammalian,1088
Mammalian,1089
Mammalian,1090
Mammalian,1091
Mammalian,1092
Mammalian,1093
Mammalian,1094
Mammalian,1095
Mammalian,1096
Mammalian,1097
Mammalian,1098
Mammalian,1099
Mammalian,1100
Mammalian,1101
Mammalian,1102
Mammalian,1103
Mammalian,1104
Mammalian,1105
Mammalian,1106
Mammalian,1107
Mammalian,1108
Mammalian,1109
Mammalian,1110
Mammalian,1111
Mammalian,1112
Mammalian,1113
Mammalian,1114
Mammalian,1115
Mammalian,1116
Mammalian,1117
Mammalian,1118
Mammalian,1119
Mammalian,1120
Mammalian,1121
Mammalian,1122
Mammalian,1123
Mammalian,1124
Mammalian,1125
Mammalian,1126
Mammalian,1127
Mammalian,1128
Mammalian,1129
Mammalian,1130
Mammalian,1131
Mammalian,1132
Mammalian,1133
Mammalian,1134
Mammalian,1135
Mammalian,1136
Mammalian,1137
Mammalian,1138
Mammalian,1139
Mammalian,1140
Mammalian,1141
Mammalian,1142
Mammalian,1143
Mammalian,1144
Mammalian,1145
Mammalian,1146
Mammalian,1147
Mammalian,1148
Mammalian,1149
Mammalian,1150
Mammalian,1151
Mammalian,1152
Mammalian,1153
Mammalian,1154
Mammalian,1155
Mammalian,1156
Mammalian,1157
Mammalian,1158
Mammalian,1159
Mammalian,1160
Mammalian,1161
Mammalian,1162
Mammalian,1163
Mammalian,1164
Mammalian,1165
Mammalian,1166
Mammalian,1167
Mammalian,1168
Mammalian,1169
Mammalian,1170
Mammalian,1171
Mammalian,1172
Mammalian,1173
Mammalian,1174
Mammalian,1175
Mammalian,1176
Mammalian,1177
Mammalian,1178
Mammalian,1179
Mammalian,1180
Mammalian,1181
Mammalian,1182
Mammalian,1183
Mammalian,1184
Mammalian,1185
Mammalian,1186
Mammalian,1187
Mammalian,1188
Mammalian,1189
Mammalian,1190
Mammalian,1191
Mammalian,1192
Mammalian,1193
Mammalian,1194
Mammalian,1195
Mammalian,1196
Mammalian,1197
Mammalian,1198
Mammalian,1199
Mammalian,1200
Mammalian,1201
Mammalian,1202
Mammalian,1203
Mammalian,1204
Mammalian,1205
Mammalian,1206
Mammalian,1207
Mammalian,1208
Mammalian,1209
Mammalian,1210
Mammalian,1211
Mammalian,1212
Mammalian,1213
Mammalian,1214
Mammalian,1215
Mammalian,1216
Mammalian,1217
Mammalian,1218
Mammalian,1219
Mammalian,1220
Mammalian,1221
Mammalian,1222
Mammalian,1223
Mammalian,1224
Mammalian,1225
Mammalian,1226
Mammalian,1227
Mammalian,1228
Mammalian,1229
Mammalian,1230
Mammalian,1231
Mammalian,1232
Mammalian,1233
Mammalian,1234
Mammalian,1235
Mammalian,1236
Mammalian,1237
Mammalian,1238
Mammalian,1239
Mammalian,1240
Mammalian,1241
Mammalian,1242
Mammalian,1243
Mammalian,1244
Mammalian,1245
Mammalian,1246
Mammalian,1247
Mammalian,1248
Mammalian,1249
Mammalian,1250
Mammalian,1251
Mammalian,1252
Mammalian,1253
Mammalian,1254
Mammalian,1255
Mammalian,1256
Mammalian,1257
Mammalian,1258
Mammalian,1259
Mammalian,1260
Mammalian,1261
Mammalian,1262
Mammalian,1263
Mammalian,1264
Mammalian,1265
Mammalian,1266
Mammalian,1267
Mammalian,1268
Mammalian,1269
Mammalian,1270
Mammalian,1271
Mammalian,1272
Mammalian,1273
Mammalian,1274
Mammalian,1275
Mammalian,1276
Mammalian,1277
Mammalian,1278
Mammalian,1279
Mammalian,1280
Mammalian,1281
Mammalian,1282
Mammalian,1283
Mammalian,1284
Mammalian,1285
Mammalian,1286
Mammalian,1287
Mammalian,1288
Mammalian,1289
Mammalian,1290
Mammalian,1291
Mammalian,1292
Mammalian,1293
Mammalian,1294
Mammalian,1295
Mammalian,1296
Mammalian,1297
Mammalian,1298
Mammalian,1299
Mammalian,1300
Mammalian,1301
Mammalian,1302
Mammalian,1303
Mammalian,1304
Mammalian,1305
Mammalian,1306
Mammalian,1307
Mammalian,1308
Mammalian,1309
Mammalian,1310
Mammalian,1311
Mammalian,1312
Mammalian,1313
Mammalian,1314
Mammalian,1315
Mammalian,1316
Mammalian,1317
Mammalian,1318
Mammalian,1319
Mammalian,1320
Mammalian,1321
Mammalian,1322
Mammalian,1323
Mammalian,1324
Mammalian,1325
Mammalian,1326
Mammalian,1327
Mammalian,1328
Mammalian,1329
Mammalian,1330
Mammalian,1331
Mammalian,1332
Mammalian,1333
Mammalian,1334
Mammalian,1335
Mammalian,1336
Mammalian,1337
Mammalian,1338
Mammalian,1339
Mammalian,1340
Mammalian,1341
Mammalian,1342
Mammalian,1343
Mammalian,1344
Mammalian,1345
Mammalian,1346
Mammalian,1347
Mammalian,1348
Mammalian,1349
Mammalian,1350
Mammalian,1351
Mammalian,1352
Mammalian,1353
Mammalian,1354
Mammalian,1355
Mammalian,1356
Mammalian,1357
Mammalian,1358
Mammalian,1359
Mammalian,1360
Mammalian,1361
Mammalian,1362
Mammalian,1363
Mammalian,1364
Mammalian,1365
Mammalian,1366
Mammalian,1367
Mammalian,1368
Mammalian,1369
Mammalian,1370
Mammalian,1371
Mammalian,1372
Mammalian,1373
Mammalian,1374
Mammalian,1375
Mammalian,1376
Mammalian,1377
Mammalian,1378
Mammalian,1379
Mammalian,1380
Mammalian,1381
Mammalian,1382
Mammalian,1383
Mammalian,1384
Mammalian,1385
Mammalian,1386
Mammalian,1387
Mammalian,1388
Mammalian,1389
Mammalian,1390
Mammalian,1391
Mammalian,1392
Mammalian,1393
Mammalian,1394
Mammalian,1395
Mammalian,1396
Mammalian,1397
Mammalian,1398
Mammalian,1399
Mammalian,1400
Mammalian,1401
Mammalian,1402
Mammalian,1403
Mammalian,1404
Mammalian,1405
Mammalian,1406
Mammalian,1407
Mammalian,1408
Mammalian,1409
Mammalian,1410
Mammalian,1411
Mammalian,1412
Mammalian,1413
Mammalian,1414
Mammalian,1415
Mammalian,1416
Mammalian,1417
Mammalian,1418
Mammalian,1419
Mammalian,1420
Mammalian,1421
Mammalian,1422
Mammalian,1423
Mammalian,1424
Mammalian,1425
Mammalian,1426
Mammalian,1427
Mammalian,1428
Mammalian,1429
Mammalian,1430
Mammalian,1431
Mammalian,1432
Mammalian,1433
Mammalian,1434
Mammalian,1435
Mammalian,1436
Mammalian,1437
Mammalian,1438
Mammalian,1439
Mammalian,1440
Mammalian,1441
Mammalian,1442
Mammalian,1443
Mammalian,1444
Mammalian,1445
Mammalian,1446
Mammalian,1447
Mammalian,1448
Mammalian,1449
Mammalian,1450
Mammalian,1451
Mammalian,1452
Mammalian,1453
Mammalian,1454
Mammalian,1455
Mammalian,1456
Mammalian,1457
Mammalian,1458
Mammalian,1459
Mammalian,1460
Mammalian,1461
Mammalian,1462
Mammalian,1463
Mammalian,1464
Mammalian,1465
Mammalian,1466
Mammalian,1467
Mammalian,1468
Mammalian,1469
Mammalian,1470
Mammalian,1471
Mammalian,1472
Mammalian,1473
Mammalian,1474
Mammalian,1475
Mammalian,1476
Mammalian,1477
Mammalian,1478
Mammalian,1479
Mammalian,1480
Mammalian,1481
Mammalian,1482
Mammalian,1483
Mammalian,1484
Mammalian,1485
Mammalian,1486
Mammalian,1487
Mammalian,1488
Mammalian,1489
Mammalian,1490
Mammalian,1491
Mammalian,1492
Mammalian,1493
Mammalian,1494
Mammalian,1495
Mammalian,1496
Mammalian,1497
Mammalian,1498
Mammalian,1499
Mammalian,1500
Mammalian,1501
Mammalian,1502
Mammalian,1503
Mammalian,1504
Mammalian,1505
Mammalian,1506
Mammalian,1507
Mammalian,1508
Mammalian,1509
Mammalian,1510
Mammalian,1511
Mammalian,1512
Mammalian,1513
Mammalian,1514
Mammalian,1515
Mammalian,1516
Mammalian,1517
Mammalian,1518
Mammalian,1519
Mammalian,1520
Mammalian,1521
Mammalian,1522
Mammalian,1523
Mammalian,1524
Mammalian,1525
Mammalian,1526
Mammalian,1527
Mammalian,1528
Mammalian,1529
Mammalian,1530
Mammalian,1531
Mammalian,1532
Mammalian,1533
Mammalian,1534
Mammalian,1535
Mammalian,1536
Mammalian,1537
Mammalian,1538
Mammalian,1539
Mammalian,1540
Mammalian,1541
Mammalian,1542
Mammalian,1543
Mammalian,1544
Mammalian,1545
Mammalian,1546
Mammalian,1547
Mammalian,1548
Mammalian,1549
Mammalian,1550
Mammalian,1551
Mammalian,1552
Mammalian,1553
Mammalian,1554
Mammalian,1555
Mammalian,1556
Mammalian,1557
Mammalian,1558
Mammalian,1559
Mammalian,1560
Mammalian,1561
Mammalian,1562
Mammalian,1563
Mammalian,1564
Mammalian,1565
Mammalian,1566
Mammalian,1567
Mammalian,1568
Mammalian,1569
Mammalian,1570
Mammalian,1571
Mammalian,1572
Mammalian,1573
Mammalian,1574
Mammalian,1575
Mammalian,1576
Mammalian,1577
Mammalian,1578
Mammalian,1579
Mammalian,1580
Mammalian,1581
Mammalian,1582
Mammalian,1583
Mammalian,1584
Mammalian,1585
Mammalian,1586
Mammalian,1587
Mammalian,1588
Mammalian,1589
Mammalian,1590
Mammalian,1591
Mammalian,1592
Mammalian,1593
Mammalian,1594
Mammalian,1595
Mammalian,1596
Mammalian,1597
Mammalian,1598
Mammalian,1599
Mammalian,1600
Mammalian,1601
Mammalian,1602
Mammalian,1603
Mammalian,1604
Mammalian,1605
Mammalian,1606
Mammalian,1607
Mammalian,1608
Mammalian,1609
Mammalian,1610
Mammalian,1611
Mammalian,1612
Mammalian,1613
Mammalian,1614
Mammalian,1615
Mammalian,1616
Mammalian,1617
Mammalian,1618
Mammalian,1619
Mammalian,1620
Mammalian,1621
Mammalian,1622
Mammalian,1623
Mammalian,1624
Mammalian,1625
Mammalian,1626
Mammalian,1627
Mammalian,1628
Mammalian,1629
Mammalian,1630
Mammalian,1631
Mammalian,1632
Mammalian,1633
Mammalian,1634
Mammalian,1635
Mammalian,1636
Mammalian,1637
Mammalian,1638
Mammalian,1639
Mammalian,1640
Mammalian,1641
Mammalian,1642
Mammalian,1643
Mammalian,1644
Mammalian,1645
Mammalian,1646
Mammalian,1647
Mammalian,1648
Mammalian,1649
Mammalian,1650
Mammalian,1651
Mammalian,1652
Mammalian,1653
Mammalian,1654
Mammalian,1655
Mammalian,1656
Mammalian,1657
Mammalian,1658
Mammalian,1659
Mammalian,1660
Mammalian,1661
Mammalian,1662
Mammalian,1663
Mammalian,1664
Mammalian,1665
Mammalian,1666
Mammalian,1667
Mammalian,1668
Mammalian,1669
Mammalian,1670
Mammalian,1671
Mammalian,1672
Mammalian,1673
Mammalian,1674
Mammalian,1675
Mammalian,1676
Mammalian,1677
Mammalian,1678
Mammalian,1679
Mammalian,1680
Mammalian,1681
Mammalian,1682
Mammalian,1683
Mammalian,1684
Mammalian,1685
Mammalian,1686
Mammalian,1687
Mammalian,1688
Mammalian,1689
Mammalian,1690
Mammalian,1691
Mammalian,1692
Mammalian,1693
Mammalian,1694
Mammalian,1695
Mammalian,1696
Mammalian,1697
Mammalian,1698
Mammalian,1699
Mammalian,1700
Mammalian,1701
Mammalian,1702
Mammalian,1703
Mammalian,1704
Mammalian,1705
Mammalian,1706
Mammalian,1707
Mammalian,1708
Mammalian,1709
Mammalian,1710
Mammalian,1711
Mammalian,1712
Mammalian,1713
Mammalian,1714
Mammalian,1715
Mammalian,1716
Mammalian,1717
Mammalian,1718
Mammalian,1719
Mammalian,1720
Mammalian,1721
Mammalian,1722
Mammalian,1723
Mammalian,1724
Mammalian,1725
Mammalian,1726
Mammalian,1727
Mammalian,1728
Mammalian,1729
Mammalian,1730
Mammalian,1731
Mammalian,1732
Mammalian,1733
Mammalian,1734
Mammalian,1735
Mammalian,1736
Mammalian,1737
Mammalian,1738
Mammalian,1739
Mammalian,1740
Mammalian,1741
Mammalian,1742
Mammalian,1743
Mammalian,1744
Mammalian,1745
Mammalian,1746
Mammalian,1747
Mammalian,1748
Mammalian,1749
Mammalian,1750
Mammalian,1751
Mammalian,1752
Mammalian,1753
Mammalian,1754
Mammalian,1755
Mammalian,1756
Mammalian,1757
Mammalian,1758
Mammalian,1759
Mammalian,1760
Mammalian,1761
Mammalian,1762
Mammalian,1763
Mammalian,1764
Mammalian,1765
Mammalian,1766
Mammalian,1767
Mammalian,1768
Mammalian,1769
Mammalian,1770
Mammalian,1771
Mammalian,1772
Mammalian,1773
Mammalian,1774
Mammalian,1775
Mammalian,1776
Mammalian,1777
Mammalian,1778
Mammalian,1779
Mammalian,1780
Mammalian,1781
Mammalian,1782
Mammalian,1783
Mammalian,1784
Mammalian,1785
Mammalian,1786
Mammalian,1787
Mammalian,1788
Mammalian,1789
Mammalian,1790
Mammalian,1791
Mammalian,1792
Mammalian,1793
Mammalian,1794
Mammalian,1795
Mammalian,1796
Mammalian,1797
Mammalian,1798
Mammalian,1799
Mammalian,1800
Mammalian,1801
Mammalian,1802
Mammalian,1803
Mammalian,1804
Mammalian,1805
Mammalian,1806
Mammalian,1807
Mammalian,1808
Mammalian,1809
Mammalian,1810
Mammalian,1811
Mammalian,1812
Mammalian,1813
Mammalian,1814
Mammalian,1815
Mammalian,1816
Mammalian,1817
Mammalian,1818
Mammalian,1819
Mammalian,1820
Mammalian,1821
Mammalian,1822
Mammalian,1823
Mammalian,1824
Mammalian,1825
Mammalian,1826
Mammalian,1827
Mammalian,1828
Mammalian,1829
Mammalian,1830
Mammalian,1831
Mammalian,1832
Mammalian,1833
Mammalian,1834
Mammalian,1835
Mammalian,1836
Mammalian,1837
Mammalian,1838
Mammalian,1839
Mammalian,1840
Mammalian,1841
Mammalian,1842
Mammalian,1843
Mammalian,1844
Mammalian,1845
Mammalian,1846
Mammalian,1847
Mammalian,1848
Mammalian,1849
Mammalian,1850
Mammalian,1851
Mammalian,1852
Mammalian,1853
Mammalian,1854
Mammalian,1855
Mammalian,1856
Mammalian,1857
Mammalian,1858
Mammalian,1859
Mammalian,1860
Mammalian,1861
Mammalian,1862
Mammalian,1863
Mammalian,1864
Mammalian,1865
Mammalian,1866
Mammalian,1867
Mammalian,1868
Mammalian,1869
Mammalian,1870
Mammalian,1871
Mammalian,1872
Mammalian,1873
Mammalian,1874
Mammalian,1875
Mammalian,1876
Mammalian,1877
Mammalian,1878
Mammalian,1879
Mammalian,1880
Mammalian,1881
Mammalian,1882
Mammalian,1883
Mammalian,1884
Mammalian,1885
Mammalian,1886
Mammalian,1887
Mammalian,1888
Mammalian,1889
Mammalian,1890
Mammalian,1891
Mammalian,1892
Mammalian,1893
Mammalian,1894
Mammalian,1895
Mammalian,1896
Mammalian,1897
Mammalian,1898
Mammalian,1899
Mammalian,1900
Mammalian,1901
Mammalian,1902
Mammalian,1903
Mammalian,1904
Mammalian,1905
Mammalian,1906
Mammalian,1907
Mammalian,1908
Mammalian,1909
Mammalian,1910
Mammalian,1911
Mammalian,1912
Mammalian,1913
Mammalian,1914
Mammalian,1915
Mammalian,1916
Mammalian,1917
Mammalian,1918
Mammalian,1919
Mammalian,1920
Mammalian,1921
Mammalian,1922
Mammalian,1923
Mammalian,1924
Mammalian,1925
Mammalian,1926
Mammalian,1927
Mammalian,1928
Mammalian,1929
Mammalian,1930
Mammalian,1931
Mammalian,1932
Mammalian,1933
Mammalian,1934
Mammalian,1935
Mammalian,1936
Mammalian,1937
Mammalian,1938
Mammalian,1939
Mammalian,1940
Mammalian,1941
Mammalian,1942
Mammalian,1943
Mammalian,1944
Mammalian,1945
Mammalian,1946
Mammalian,1947
Mammalian,1948
Mammalian,1949
Mammalian,1950
Mammalian,1951
Mammalian,1952
Mammalian,1953
Mammalian,1954
Mammalian,1955
Mammalian,1956
Mammalian,1957
Mammalian,1958
Mammalian,1959
Mammalian,1960
Mammalian,1961
Mammalian,1962
Mammalian,1963
Mammalian,1964
Mammalian,1965
Mammalian,1966
Mammalian,1967
Mammalian,1968
Mammalian,1969
Mammalian,1970
Mammalian,1971
Mammalian,1972
Mammalian,1973
Mammalian,1974
Mammalian,1975
Mammalian,1976
Mammalian,1977
Mammalian,1978
Mammalian,1979
Mammalian,1980
Mammalian,1981
Mammalian,1982
Mammalian,1983
Mammalian,1984
Mammalian,1985
Mammalian,1986
Mammalian,1987
Mammalian,1988
Mammalian,1989
Mammalian,1990
Mammalian,1991
Mammalian,1992
Mammalian,1993
Mammalian,1994
Mammalian,1995
Mammalian,1996
Mammalian,1997
Mammalian,1998
Mammalian,1999
Mammalian,2000
Mammalian,2001
Mammalian,2002
Mammalian,2003
Mammalian,2004
Mammalian,2005
Mammalian,2006
Mammalian,2007
Mammalian,2008
Mammalian,2009
Mammalian,2010
Mammalian,2011
Mammalian,2012
Mammalian,2013
Mammalian,2014
Mammalian,2015
Mammalian,2016
Mammalian,2017
Mammalian,2018
Mammalian,2019
Mammalian,2020
Mammalian,2021
Mammalian,2022
Mammalian,2023
Mammalian,2024
Mammalian,2025
Mammalian,2026
Mammalian,2027
Mammalian,2028
Mammalian,2029
Mammalian,2030
Mammalian,2031
Mammalian,2032
Mammalian,2033
Mammalian,2034
Mammalian,2035
Mammalian,2036
Mammalian,2037
Mammalian,2038
Mammalian,2039
Mammalian,2040
Mammalian,2041
Mammalian,2042
Mammalian,2043
Mammalian,2044
Mammalian,2045
Mammalian,2046
Mammalian,2047
Mammalian,2048
Mammalian,2049
Mammalian,2050
Mammalian,2051
Mammalian,2052
Mammalian,2053
Mammalian,2054
Mammalian,2055
Mammalian,2056
Mammalian,2057
Mammalian,2058
Mammalian,2059
Mammalian,2060
Mammalian,2061
Mammalian,2062
Mammalian,2063
Mammalian,2064
Mammalian,2065
Mammalian,2066
Mammalian,2067
Mammalian,2068
Mammalian,2069
Mammalian,2070
Mammalian,2071
Mammalian,2072
Mammalian,2073
Mammalian,2074
Mammalian,2075
Mammalian,2076
Mammalian,2077
Mammalian,2078
Mammalian,2079
Mammalian,2080
Mammalian,2081
Mammalian,2082
Mammalian,2083
Mammalian,2084
Mammalian,2085
Mammalian,2086
Mammalian,2087
Mammalian,2088
Mammalian,2089
Mammalian,2090
Mammalian,2091
Mammalian,2092
Mammalian,2093
Mammalian,2094
Mammalian,2095
Mammalian,2096
Mammalian,2097
Mammalian,2098
Mammalian,2099
Mammalian,2100
Mammalian,2101
Mammalian,2102
Mammalian,2103
Mammalian,2104
Mammalian,2105
Mammalian,2106
Mammalian,2107
Mammalian,2108
Mammalian,2109
Mammalian,2110
Mammalian,2111
Mammalian,2112
Mammalian,2113
Mammalian,2114
Mammalian,2115
Mammalian,2116
Mammalian,2117
Mammalian,2118
Mammalian,2119
Mammalian,2120
Mammalian,2121
Mammalian,2122
Mammalian,2123
Mammalian,2124
